adipose_omentum_SM-ADYHB	adipose_omentum_SM-CHZRM	adipose_omentum_SM-CSSD4	adipose_omentum_SM-IOBHJ	adrenal_gland_SM-A8WNO	artery_aorta_SM-C1MLC	artery_aorta_SM-C1PX3	artery_aorta_SM-CR89M	artery_aorta_SM-JF1NU	artery_tibial_SM-CHLWW	artery_tibial_SM-IOBHK	colon_sigmoid_SM-AZPYO	colon_sigmoid_SM-JF1O8	colon_transverse_SM-A9HOW	colon_transverse_SM-A9VP4	colon_transverse_SM-ACCQ1	colon_transverse_SM-BZ2ZS	colon_transverse_SM-CSSDA	esophagus_ge_junction_SM-IOERG	esophagus_mucosa_SM-A9HOR	esophagus_mucosa_SM-A9VPA	esophagus_mucosa_SM-AZPYJ	esophagus_muscularis_SM-A8CPH	esophagus_muscularis_SM-CSSCV	esophagus_muscularis_SM-IOBHM	esophagus_muscularis_SM-IQYD1	heart_atrial_appendage_SM-IOBHN	heart_atrial_appendage_SM-JF1NX	heart_lv_SM-IOBHO	heart_lv_SM-JF1NY	liver_SM-A8WNZ	lung_SM-A62E9	lung_SM-A8WNH	lung_SM-ACCPU	lung_SM-JF1NZ	mammary_tissue_SM-IOBHL	mammary_tissue_SM-JF1NV	muscle_SM-ADA6L	muscle_SM-C1MKW	muscle_SM-C1PWV	muscle_SM-IOBHP	nerve_tibial_SM-CHLWU	nerve_tibial_SM-CP2V6	nerve_tibial_SM-IOBHQ	ovary_SM-IOBHR	pancreas_SM-ADRUQ	pancreas_SM-IOBHS	pancreas_SM-JF1NS	pancreas_SM-JF1O6	skin_SM-IOBHT	skin_SM-JF1O1	skin_sun_exposed_SM-ADYHK	skin_sun_exposed_SM-IOBHU	skin_sun_exposed_SM-IQYCP	skin_sun_exposed_SM-JF1NT	small_intestine_SM-A62GO	small_intestine_SM-ADA5F	stomach_SM-CHLWL	stomach_SM-IOBHV	stomach_SM-JF1NP	stomach_SM-JF1O3	thyroid_SM-C1MKY	thyroid_SM-IOBHW	thyroid_SM-JF1O4	uterus_SM-IOBHX	vagina_SM-A9HOS
ACB	1.06540703690994e-10	8.67318121235016e-10	2.2466713788666e-10	5.40668605475445e-10	-8.73615761355345e-11	1.9953251715961e-10	4.11470018261158e-09	1.99808634023335e-11	2.74974435085972e-10	8.23969967900034e-10	9.3663340524236e-10	4.54245115215433e-11	2.08084396616633e-09	7.8787958623339e-10	1.09831712963352e-09	-6.39284964454555e-11	2.84219363166923e-10	5.35841320623977e-11	4.24535226694679e-10	7.90450054147543e-11	5.70316352733933e-11	2.30432290101415e-11	1.74577090954943e-09	1.73714997060209e-10	1.75961693605526e-10	4.00302132209064e-11	1.3831723156505e-10	1.06933784602789e-10	1.37529130542353e-09	4.95326785421395e-10	8.61840332845113e-10	6.33970311717885e-10	8.36287475468669e-10	1.73248719927748e-09	1.63241706743777e-10	1.31028599845622e-11	6.35885263807748e-10	2.60795822428054e-10	1.87579297003817e-10	5.07292715238513e-10	1.39530109832921e-10	1.22008705755151e-10	6.95941172709042e-10	1.26694743839758e-11	2.39111476622238e-10	2.35233010248875e-10	1.65260676969681e-09	6.73445729774068e-11	4.26059654936205e-10	2.28396506390472e-10	6.79211265003459e-10	4.03155666614842e-10	1.05571562255894e-10	3.49060755471631e-11	8.98102940076961e-10	2.31630235026267e-11	1.7541557397041e-11	3.97939061212973e-10	1.1522145073273e-09	-1.9912976895387e-10	6.5394648236835e-10	2.57485065636604e-11	2.98916130791501e-10	5.66026152333175e-11	3.0155906653224e-10	5.60182966363809e-11
ASW	1.61508629371819e-10	1.3648343563166e-09	2.55985864417663e-10	7.99843652347205e-10	-1.02897926914071e-10	2.15785197600543e-10	7.77810361995806e-09	8.46502008993455e-11	5.16290891510025e-10	2.04953948425133e-09	1.33986544466465e-09	5.59292427997647e-11	3.35648941684662e-09	9.15761299668064e-10	1.68469076264458e-09	-2.3519786065202e-11	3.5344927765626e-10	9.1983098010893e-11	4.8800568121047e-10	1.13443221062083e-10	1.70033222660453e-10	5.78711151121375e-11	2.48025568935266e-09	2.59790569243588e-10	1.52518575933616e-10	1.53541314607912e-10	1.85905427330723e-10	1.66732757115044e-10	1.56741738545393e-09	5.90199581286568e-10	8.6037175724686e-10	9.38475316819183e-10	1.09803237675096e-09	2.34502614599262e-09	2.9503546676432e-10	3.37076126334314e-11	1.24361949488206e-09	3.2464026982611e-10	3.04921360950295e-10	6.31169587708877e-10	1.84974366281818e-10	1.74547908719467e-10	1.4608679733893e-09	1.55855947565326e-11	2.94469150688921e-10	3.830914712428e-10	2.02907733614348e-09	1.5907248800611e-10	4.2813571069665e-10	2.15961637153933e-10	9.7596894516796e-10	7.53253148772082e-10	1.12085116685089e-10	4.87587364248756e-11	1.4710324892751e-09	1.0236391474811e-10	1.2373965395418e-10	1.05776214416907e-09	1.51219363142378e-09	-3.01267110941318e-10	7.91659158134509e-10	4.75075260347258e-11	4.28576018710022e-10	1.10491033798928e-10	3.93618493383476e-10	4.80701397064411e-11
ESN	1.25499789537433e-10	9.57445352452339e-10	1.84107146934639e-10	6.79350786788189e-10	-8.54678777683938e-11	1.88248037474593e-10	4.25120238356527e-09	3.85204073584967e-11	3.15298846904886e-10	1.01428016283274e-09	1.112177316733e-09	5.54953643459147e-11	1.66654938443718e-09	8.24761186936191e-10	1.23002291753534e-09	-4.48824574590182e-11	3.15801526379476e-10	5.82056168168926e-11	5.41180981711838e-10	1.150892504166e-10	4.95945049498005e-11	2.6880023041457e-11	1.26212418622221e-09	1.87553124994944e-10	2.15685325987237e-10	5.0306764769145e-11	7.61383732806381e-10	1.24440714841986e-10	1.44590649839151e-09	3.86001954808774e-10	9.81650187055123e-10	5.94458063018394e-10	9.00308218477574e-10	1.55989759812366e-09	2.11255747755865e-10	2.44884543965305e-11	5.66440917022314e-10	2.92208941274393e-10	1.71456198308657e-10	3.1413075124853e-10	1.71474225510638e-10	1.1555198237106e-10	9.04025089220559e-10	2.52129728370715e-11	2.69514685498583e-10	2.474615966757e-10	1.87255148238576e-09	6.36869865552092e-11	2.93855745061822e-10	8.14959133763728e-10	7.12924449235656e-10	4.79434296189873e-10	1.790617293538e-10	2.98436665493946e-11	9.4542701351352e-10	1.03377237954771e-10	3.3955782398179e-11	3.93389386557214e-10	1.43400332782569e-09	-2.4727460362255e-10	7.02411138626058e-10	2.6104008383515e-11	3.62603716066856e-10	5.80823392934029e-11	3.30636193784375e-10	6.36141531093063e-11
GWD	8.43102547771235e-11	7.09504434928735e-10	1.32650312698212e-10	6.38176034185548e-10	-8.17412411635421e-11	2.65980970757297e-10	2.13084728886485e-09	1.55941165888681e-11	2.35407603457971e-10	7.35249689624573e-10	1.35864856153968e-09	4.99918319523295e-11	1.22151960212203e-09	8.10559564001765e-10	1.07805177687331e-09	-9.53747285693321e-12	3.03637834126654e-10	5.79843614836565e-11	6.78106178222569e-10	6.60484756174396e-11	5.51874182151548e-11	2.76056093594629e-11	1.04628911035182e-09	1.54877697454238e-10	3.2542981162936e-10	4.34661324309722e-11	2.40985086182679e-10	1.10559846812017e-10	1.16823466942923e-09	3.47946365226622e-10	6.53489483602332e-10	5.8790611165962e-10	9.60037123073486e-10	1.66348696956019e-09	1.56696820581589e-10	1.56523383753191e-11	5.2788876122822e-10	1.9219288355829e-10	1.66145527563283e-10	3.74168973102839e-10	1.09845405330774e-10	8.4617322908263e-11	5.51553679361882e-10	1.72614776522698e-11	2.60571634254454e-10	2.33516360385904e-10	1.7785682417031e-09	8.19264003328346e-11	2.96101371700628e-10	1.27739495797605e-09	5.96319360128212e-10	2.32637557393295e-10	1.94277222992206e-10	2.60777963448822e-11	7.89308143085308e-10	1.84349549843596e-10	3.4119697204881e-11	3.87649587765458e-10	1.40523658936978e-09	-1.98358814220607e-10	4.72656097484429e-10	2.6280835031453e-11	2.68191296556742e-10	5.83420464867236e-11	3.35815425302577e-10	4.9824213312512e-11
LWK	9.55753837188325e-11	6.90396564390122e-10	2.36409012405377e-10	8.42789386257802e-10	-9.49457796011923e-11	2.70291314102219e-10	2.31177513962856e-09	3.51974887889221e-11	1.98948316230734e-10	6.78317485859816e-10	1.11933645264469e-09	4.21672268828628e-11	1.75474085662432e-09	9.52623459807569e-10	8.65981373116403e-10	-4.65123582728504e-11	3.07738677724736e-10	7.13717393778256e-11	7.34423009992899e-10	9.64756216468491e-11	-2.16677992974617e-11	3.07164480591442e-11	1.44630187457486e-09	1.73922233293908e-10	1.74033772229099e-10	8.37022983185362e-11	1.57327565664535e-10	6.89619193740027e-11	1.33179705103602e-09	3.1509002375741e-10	1.03827237046581e-09	6.17111835970429e-10	9.0111696073995e-10	1.89574474893734e-09	1.34833066489484e-10	1.80545473761145e-11	1.07164895800766e-09	2.84944535631593e-10	1.48026012837851e-10	2.83225248713548e-10	1.70228051632735e-10	9.29435507625015e-11	6.95386907114881e-10	1.56905238967285e-11	2.39028501356962e-10	1.47609391821565e-10	1.82478824217914e-09	8.9833462458816e-11	3.38289959381653e-10	4.56664673164407e-10	5.08940890353676e-10	2.04713387228043e-10	1.3333946566766e-10	2.8376415795059e-11	6.61010212327571e-10	9.58317052882136e-11	3.96529987130794e-11	4.0659902317887e-10	1.51901385753863e-09	-2.47416342307635e-10	4.38415312426001e-10	2.5131047686252e-11	2.67482394851693e-10	4.20437895047812e-11	3.10990613330245e-10	5.19245711746717e-11
MSL	8.27302091394649e-11	8.01246514294115e-10	1.34337623819952e-10	5.13758447275434e-10	-8.22465727171053e-11	2.33056755746238e-10	1.97511745299551e-09	3.65160322383195e-12	2.65352613693554e-10	6.61456504902358e-10	1.07120148596722e-09	3.91497293249497e-11	1.41120272255416e-09	6.87734718033128e-10	8.89195205093012e-10	3.91587772447905e-12	2.52998420862866e-10	5.44118137503567e-11	4.63359140863247e-10	6.53261497497576e-11	5.58622858220409e-11	1.92351424193016e-11	1.11209159349631e-09	1.67106633700751e-10	2.20749470872573e-10	2.79396074302909e-11	2.46184107457878e-10	8.78491573295031e-11	1.0814617914704e-09	3.52107049724436e-10	7.01008917324046e-10	5.34120426354547e-10	8.83653497973351e-10	1.24955473915131e-09	1.57670810133415e-10	1.09266866673944e-11	4.89878874820393e-10	1.61581775223818e-10	1.42384869770002e-10	3.43302961712519e-10	9.60939403708715e-11	1.05762690069662e-10	5.75405122587225e-10	1.09318647959133e-11	1.84981150402935e-10	1.92746985284723e-10	1.492486556354e-09	6.31003266069419e-11	2.39578699933693e-10	3.97405712338163e-10	5.72364188902658e-10	2.63742611935335e-10	1.19151867407763e-10	2.47308956241621e-11	9.11094210587802e-10	7.43892341688361e-11	5.13059581394727e-11	3.77976220048672e-10	1.10414467314953e-09	-1.6683690984808e-10	4.67922630934247e-10	2.58007261452749e-11	2.64225794420093e-10	5.13130569868352e-11	2.68820033140994e-10	3.49014514789579e-11
YRI	1.07460757812552e-10	1.26087854176417e-09	1.79011397795358e-10	5.48944107101909e-10	-8.13240459105052e-11	1.8234870236354e-10	3.33610337296777e-09	4.81649126270623e-11	3.29752093715771e-10	1.82129277273219e-09	1.10731328626301e-09	3.51465073024557e-11	2.12339033114514e-09	7.34447635993634e-10	1.23095062760921e-09	-4.65611440720231e-11	2.58537509708333e-10	7.58196018596542e-11	4.09131188099856e-10	7.57028014510736e-11	5.24954894245633e-11	2.47100311788738e-11	1.28939640102333e-09	1.96574558640293e-10	1.02529807965228e-10	7.52555608326408e-11	1.87035452836679e-10	1.2322672886017e-10	1.10934921003012e-09	4.20251490731056e-10	7.0072560267096e-10	7.27609412660043e-10	7.29878361219927e-10	1.53809012191505e-09	2.11325705913878e-10	1.08743667183155e-11	7.31974318987367e-10	1.76681543929723e-10	2.08138832835554e-10	4.27486909956042e-10	1.04114373951262e-10	1.25500616793525e-10	8.40760458265964e-10	1.22209069222032e-11	2.36406196743208e-10	2.61496940845205e-10	1.60103535261068e-09	8.31884667779745e-11	2.86132486819428e-10	3.77883467338676e-10	7.80190105296541e-10	4.90841714207099e-10	1.22226242186561e-10	3.14146323891974e-11	1.02690132709666e-09	4.45309188530509e-11	6.78155367955455e-11	5.37434485051492e-10	9.94812650579133e-10	-2.11457612375574e-10	8.38997492833167e-10	3.02590866824179e-11	2.69586359596183e-10	6.38615081727170e-11	2.65654937034985e-10	4.87073215315818e-11
CLM	9.29236511243069e-10	1.92756351507092e-09	1.05556602541195e-09	4.28310435407586e-09	1.86349283415909e-10	6.55986083178354e-10	0.00300920139155148	9.24555732195047e-10	2.47090915954332e-09	1.9221533318885e-09	3.54259552726845e-09	3.99340479652408e-10	0.00251999907043999	2.09718821770028e-09	4.95515865387049e-09	1.58399415704384e-10	1.97089097561147e-09	1.38760221907016e-10	3.27343830164179e-09	4.6151924578448e-10	8.84794408937752e-10	1.09744526302586e-10	0.0179912791284787	3.55237642555033e-10	9.47981946274912e-10	6.69284249390549e-10	2.50870039625456e-10	1.61631513070866e-09	3.50345777327675e-09	1.23575388358281e-09	3.03619923017995e-09	7.31186686738522e-09	1.89707141605938e-09	0.000188584567665159	2.3605189830139e-09	2.26014523389941e-10	3.55731992512318e-09	3.38608867869224e-10	1.43424831438184e-09	1.48855123355755e-09	4.54746585755204e-10	6.6399879259941e-10	3.86352508319676e-09	6.54771990355244e-11	5.40798910187698e-10	8.81020955959165e-10	4.13516731796641e-09	2.33144571560861e-10	1.00231297415863e-09	1.92665630505149e-09	2.83251290075567e-09	2.85919740820127e-09	4.33588319216082e-10	2.51388805175812e-10	3.19534807927441e-09	1.8441324620391e-09	1.61836076926104e-10	6.01269026686961e-10	2.21647116248698e-09	-1.72507114627342e-10	1.90360438506179e-09	4.49558136635613e-10	9.63894712451887e-10	1.98614528136528e-09	1.93121091634545e-09	5.7111686237977e-10
MXL	3.71519451915697e-09	2.28508987701072e-09	3.5146907755726e-10	4.831138194295e-09	6.56056475278117e-11	1.24644435544743e-09	8.26290286296813e-09	3.75241727328175e-10	4.45385660236995e-09	2.57161511093212e-09	9.96491931499194e-09	9.55114148773845e-10	6.38324782243964e-09	5.57737742313422e-09	5.52059337160024e-09	8.03075332161783e-12	3.08139447119975e-09	8.37802218415282e-11	3.82562039661346e-09	4.14486181865948e-10	9.76810242075419e-10	1.13237432803762e-10	3.86864638702756e-09	3.84134646812129e-10	1.61540931679073e-09	4.18684004430412e-10	5.16159263064003e-10	7.1422830402586e-09	4.00735641014867e-09	8.0738394094818e-10	2.94080744631231e-09	0.000515024564276607	2.40550740077422e-09	1.99110562186972e-08	8.96379242383834e-10	1.38666183105961e-10	3.92021999969251e-09	4.90138675140595e-10	7.01552837348766e-10	1.13658888561609e-09	9.41185592685539e-10	4.95467472549145e-10	2.642003926783e-08	8.98183847142276e-11	3.72720396200075e-10	8.27361827344121e-10	2.36012807671234e-09	7.0861994496567e-11	2.10938854130816e-10	1.76500731837667e-09	2.20029108250402e-08	1.15610966770951e-08	1.09050006729808e-09	1.2657618580681e-10	2.5027392211419e-09	1.50592763954585e-09	1.36506174246291e-10	3.37456779930011e-10	1.83176187652066e-09	-1.50802177330603e-10	3.26193591724516e-09	5.65078738081342e-10	9.74359958076849e-10	2.02550746273398e-10	2.52758195738113e-09	9.67484968512976e-10
PEL	4.54271428315614e-09	7.23480481209627e-10	2.62186792176945e-10	2.44226916602459e-07	-7.98322906393568e-11	0.0163944430761694	1.0042452201866e-08	3.55566532171372e-10	5.2935737545385e-08	1.67494815567168e-09	0.0271169935697846	0.0113648451986861	7.04318291825564e-09	1.39397387639062e-08	1.7826210909072e-08	-6.1675796607693e-11	0.00035290310409312	3.56094774539543e-11	1.49752812024194e-08	7.5821826724668e-10	4.21100763079374e-09	6.08920940019679e-11	3.32685323923032e-09	4.12754917571995e-10	0.00628744724288599	1.83043106480497e-10	4.2099976084889e-09	0.00345418789088015	3.38900171720164e-09	9.13291262585668e-10	3.30914260695938e-09	8.58279715271664e-09	1.99335868191234e-09	1.74585681508269e-08	2.1143448766702e-09	7.75310931808194e-11	0.000941352267120118	9.59039835904895e-10	3.90174249342458e-10	1.08867889852805e-09	1.82515951891226e-09	3.19400519657833e-10	1.0651139431856e-08	8.39862682528022e-11	4.01545700878498e-10	0.00629052805359923	2.24595348310036e-09	4.23942548965029e-11	1.01991113906898e-10	1.0843211716848e-09	3.96673813763234e-09	0.0271868546106334	0.00598927699752667	6.37173799585095e-11	1.92365497762471e-09	2.42109015354135e-09	5.61335913069797e-11	1.45205954722417e-10	2.18849586548897e-09	1.31263705377037e-10	0.0107430962353717	3.16943047070428e-10	8.74269496201037e-10	0.00885440160785288	0.00668896891938843	0.00382218655331356
PUR	7.14803861510825e-10	2.93031740804886e-09	1.34923605841274e-09	1.02181887205335e-08	-4.38529784804651e-11	2.49938843353473e-09	4.61528621646275e-08	4.8075511629509e-10	1.79283207428742e-09	1.80405753132796e-09	3.71109260523239e-08	1.0207197450843e-09	3.36645910111567e-08	1.07266278219069e-08	4.45514218466118e-09	7.29129550394862e-10	5.51838635122645e-09	1.43645923253845e-10	4.46197040696305e-09	0.00508490644625028	4.30551838013726e-10	3.1262939474214e-10	1.1392822313878e-08	5.03749304560873e-10	2.76223768969048e-09	6.92978401618102e-10	0.0063377338943246	8.57128253140327e-10	0.00675120718858079	1.12015628549743e-09	4.57142452412313e-09	5.58656400799996e-09	4.37063386214112e-09	2.78376862801208e-08	5.80835905714891e-10	3.35796257600672e-10	6.06228339183955e-09	0.0145830673144062	1.26593266324178e-09	1.91032563737508e-09	3.4320735026747e-09	6.41956238183536e-10	3.44560030685874e-09	1.46285068964411e-10	8.46667033877221e-10	6.68652754203624e-10	1.47219630526533e-08	1.54244189899454e-10	1.04529217184943e-09	3.09603018279335e-09	2.86203465362057e-09	1.87221333544273e-09	9.65963706348014e-10	6.11190570501457e-10	4.52020907577068e-09	3.01477380456967e-09	1.58059260592072e-10	1.64498862963505e-09	2.63427164060999e-08	-2.91955991613126e-10	1.84474352036819e-09	3.06431248138909e-10	6.37366127532905e-09	1.29489468516961e-10	3.0363075140973e-09	7.59423644897787e-10
CDX	0.556723962209029	1.00234224322814e-09	2.1802159306091e-10	1.42794053982121e-09	1.56100881593961e-10	1.96822249625122e-10	1.14523880250932e-09	2.16873516967182e-10	0.387140052868317	2.08087525109367e-09	1.27814470876711e-09	1.74463445348341e-10	5.65208368860294e-10	2.39636031716533e-09	0.387158018630404	-8.49766340800531e-11	1.1537348234754e-09	5.54553658611087e-11	2.68936008152419e-09	1.85387417798482e-10	0.535178158902156	6.51624032425078e-11	5.64654772350198e-10	0.423031531898628	5.26821104713322e-10	1.6261755981788e-10	1.14291743388273e-10	0.566799341744649	8.42293691287848e-10	0.405099374324086	1.43455324570075e-09	9.27822565331333e-09	1.30642532687247e-09	1.19976707479551e-09	0.501103804829118	1.79592265965734e-10	0.460026972077788	1.82413129219895e-10	1.72004578008262e-09	0.231812120580845	2.05929530197113e-10	3.9486622812827e-10	0.0939366209605717	7.83977386354646e-11	4.39374800718543e-10	0.425100047833446	1.26530085307923e-09	1.25905111314719e-10	3.62196192148004e-10	1.10292740333281e-09	0.587264668750846	0.488554553344207	2.85715670932835e-10	1.70276990541632e-11	1.33275108691103e-09	5.33463308378983e-10	6.55739998844587e-11	5.13497566621938e-10	9.59006365553445e-10	-5.03077664838304e-11	0.366122107937485	1.53420633231082e-10	2.07444783351646e-10	0.434766541646152	9.71866429077864e-10	7.03652956988957e-10
CHB	5.35293311687511e-09	8.50098045057226e-10	2.5119674305948e-10	2.08172605790087e-09	3.25850963088282e-10	3.22027320837513e-10	1.29655669082997e-09	9.71737494965175e-11	6.86009350639914e-09	7.3917851996011e-10	1.73013192623027e-09	2.44633299515155e-10	8.05465277223532e-10	4.5082699029737e-09	4.48730173855945e-08	9.16440758916153e-11	1.25656208167175e-09	3.85260719994603e-11	2.52515758552254e-09	2.19156063130031e-10	4.03113574100988e-09	2.70056694793382e-11	7.32894249480903e-10	2.6391968344276e-09	8.9147129094329e-10	-7.20448120461595e-13	1.77621062668394e-10	3.23364542121817e-09	5.66167870782816e-10	5.97669054789015e-09	2.77218957309484e-09	2.88199072017638e-09	1.97297303772477e-09	2.67658291191262e-09	4.04075739144715e-09	1.27196660223182e-10	1.46546442406365e-08	2.54809590982409e-10	7.95474401851941e-10	5.32846016490717e-09	2.82049932469946e-10	2.89396496253298e-10	7.69552923698356e-08	1.03726630276237e-10	6.16791564982173e-10	1.11702837834519e-08	9.56263384667807e-10	4.15302887420084e-11	3.61355115426613e-10	1.47921324590488e-09	1.56620804281019e-08	1.80685197966062e-08	3.60426980678856e-10	2.95537338773153e-11	1.01798674083455e-09	1.00201894316543e-09	1.61618788623063e-11	2.85494823579927e-10	8.80621715784063e-10	5.4744886006854e-11	1.12495675499432e-08	1.35380811587412e-10	1.98278781335873e-10	4.71444409119512e-10	1.38815499329712e-09	1.03798477026558e-09
CHS	0.252255265568184	1.06135233573445e-09	3.13495055703021e-10	8.28326180258377e-10	-3.60611889114137e-11	2.29696061823829e-10	1.47565924547201e-09	1.84644355963771e-10	0.198426432211972	1.85470988423418e-09	1.06777851424275e-09	1.16110568007337e-10	8.46482471534788e-10	2.33403369018542e-09	0.233593709891422	2.50638084080687e-10	9.12360204559438e-10	5.24300030871383e-11	1.42988609110263e-09	1.47736627355849e-10	0.245166269103289	4.85154384870101e-11	7.44755398310255e-10	0.246396992387949	4.79438083995267e-10	8.72966023579833e-11	1.22691062360984e-10	0.144413842297792	5.30171009884676e-10	0.200100085810488	1.40289202988232e-09	3.75880539236619e-09	1.24207320153624e-09	2.27221915811802e-09	0.199045652361501	9.69098880381709e-11	0.253374297666882	1.47236669523237e-10	3.03825057265439e-09	0.314665692463955	1.86943358241877e-10	3.4749662422037e-10	0.206811183581708	7.28999293412423e-11	4.15574324581548e-10	0.241891424716052	7.93106066701397e-10	5.89310597982234e-11	3.21941421839384e-10	8.9579516202804e-10	0.115573166943208	0.178549816029878	2.63589755559952e-10	2.80372252224831e-11	1.20079191043142e-09	3.63863090103088e-10	6.17161125189539e-11	4.12883276285126e-10	7.29619204654368e-10	2.33078589757039e-10	0.00209235914997287	2.16493675113691e-10	1.68869139824584e-10	0.254018550794644	8.72732157988146e-10	6.75832536221554e-10
JPT	0.117841007112675	6.56459497332892e-10	1.96694453409371e-10	1.09604011300057e-09	-7.47381615492056e-12	2.02400739522199e-10	1.56000204173724e-09	7.25985602033526e-11	0.0581068703202417	5.02007473369929e-10	1.05961403358106e-09	1.32003406640129e-10	8.2420126102203e-10	1.93168687704947e-09	0.143461173953981	-2.78883510437815e-11	6.79010963338361e-10	3.12908488169374e-11	1.21484765608099e-09	1.18159971396842e-10	0.120231497757087	2.41520253950731e-11	7.40974199318252e-10	0.0844488023085892	5.91642675106709e-10	1.58482761850603e-11	1.4597232692371e-10	0.156663884882805	4.23270655209708e-10	0.0122062426700115	1.47396034785771e-09	1.88729366040826e-09	1.17809643861201e-09	2.01668058367607e-09	0.107949014931274	1.44892934662416e-11	0.0777077731421962	1.66298935562454e-10	4.03461071538392e-10	0.0172330357523881	1.54717800691824e-10	1.60812641914626e-10	0.244233631135354	6.26782943095287e-11	3.41101781302486e-10	0.0268510396779984	7.08486175882298e-10	2.59029746881839e-11	2.64154483453712e-10	9.71636595897621e-10	0.18987784716597	0.199856676466925	2.66176573720106e-10	3.21642312259696e-11	8.83424333192874e-10	5.35901957780144e-10	-1.29155789953578e-11	1.714517701544e-10	2.67275909788752e-10	-4.34073199898912e-11	0.228793312501381	8.57819049900683e-11	8.21159782996089e-11	0.0444111750285848	8.54890094161552e-10	3.42108122911142e-10
KHV	0.0317695520599274	1.48550821056814e-09	2.74106440192449e-10	1.02332078894963e-09	-8.54755027081507e-11	2.00976726289833e-10	1.08473881106638e-09	2.31043846831292e-10	0.280149581439706	2.61540893116673e-09	1.13098255444941e-09	1.10689252378982e-10	6.17076753603684e-10	2.27049086141688e-09	0.168984497813473	6.41362793595572e-11	7.9676406292618e-10	7.04524975546551e-11	1.61740760555104e-09	1.55467605026684e-10	0.0371403603222577	6.82801809283694e-11	5.74418828177902e-10	0.189340787533438	4.41515886797128e-10	1.62470098874921e-10	8.84526944912519e-11	0.0528790600089473	4.82115032176764e-10	0.313934403086516	7.34496688202737e-10	8.13496211614349e-09	1.59481770482913e-09	1.63289194678359e-09	0.11500316922212	1.37823733648305e-10	0.144152359243614	1.6576304316391e-10	2.22324488123052e-09	0.389371852157919	1.83633629547076e-10	5.91266805332138e-10	0.455018368758171	6.59417098101204e-11	3.2341601078386e-10	0.240315081409598	1.09552663197236e-09	1.469209477973e-10	3.60564444253134e-10	9.17845292440482e-10	0.0791933840051671	0.0971455575281379	2.344567494118e-10	2.20622321066791e-11	1.41709962661568e-09	5.39418991220855e-10	7.47922072418478e-11	6.4085290887383e-10	7.80643487396324e-10	-6.5577642616289e-11	0.364710796966066	2.50737747744096e-10	1.74184786206636e-10	0.175239086372882	6.92211661377282e-10	4.35907252884767e-10
CEU	3.01933504161058e-09	0.198847900796359	0.226286992015847	0.101385772176852	0.14389104295736	0.0171008675533508	0.336919093028733	0.155268868621406	1.12052439551181e-07	0.225790809566002	0.157175300000752	0.119936296801857	0.235587190346408	0.133736649941707	1.63257204212046e-08	0.361340671425977	0.0715762419651275	5.84559280626698e-09	0.080504304987962	0.104687029021971	2.27220648962331e-09	0.0935829513418246	0.213385730632767	2.49183196067184e-09	0.0297279932113587	0.143313492097407	0.0600386694926155	9.65410143652567e-09	0.103804535959195	2.01373393432993e-08	0.0970345908868851	8.08089519264282e-08	0.083144298461004	0.418264201524542	1.68762816659177e-09	0.137893643364172	1.63589040366907e-08	0.0815543621083738	0.323879652575159	8.50497108962648e-09	0.075469028121417	6.37124198845038e-07	2.76057980521037e-09	0.0518045852900581	0.187559745380282	1.11283694731441e-08	3.75008604486166e-07	2.9035955699207e-09	0.374739563830277	0.0939825189248676	4.66219506156468e-09	7.52211368488702e-09	0.186662867253231	0.288015877492005	0.0432806159153634	0.0894273113197725	1.69888303807856e-08	0.23287365208565	0.0276101859131151	0.534474622631959	3.79957006948495e-09	0.00057584561524566	0.0444016529516875	4.74249154751697e-10	0.139858131149469	0.215451582102488
FIN	2.15502386668267e-09	3.70395134033145e-06	0.126902544540813	1.63988814948302e-08	1.52029425338531e-09	1.11849940366843e-09	0.0941516578499164	1.25602531587602e-09	1.35656952709414e-08	3.54427100412394e-08	6.42352563786509e-09	2.38708855996074e-09	0.129603801989469	1.23433967740301e-07	0.0233346616442215	0.21981217714851	0.0162584382389288	6.84288389341594e-10	2.78514840419612e-08	0.0120344960337478	0.0341324501637419	8.89996664354191e-10	0.11320506132574	0.0183489273656355	6.16728817792529e-08	2.33517770476884e-08	0.00574540799318813	0.00579858645479562	0.0279334871048117	1.03745730368571e-08	0.0440411006319857	3.81179821951891e-08	0.000122675815859331	0.10600456958979	1.3212193855848e-09	1.86732302060956e-09	0.00504698584280608	0.0833509083264801	0.00197319494643238	3.43118278202152e-09	0.077246293730685	2.09920469512814e-09	1.10848939944111e-09	0.00380608766051881	1.97068674833519e-09	3.65274263598473e-08	3.71745071795636e-09	3.03645283815882e-10	0.106268336752703	5.04243104838865e-09	2.79954735603481e-09	0.00710000826675825	1.4228866217274e-08	0.15924185266135	8.87154709179519e-09	0.00776953832956842	2.20505992942318e-09	1.38518720722331e-08	1.95973815602588e-08	0.215064696105293	1.38572802573021e-08	2.09499935240003e-09	0.0392297937243638	2.98824698865775e-10	1.02106054752935e-07	9.10550211744442e-09
GBR	2.72289035013846e-09	0.535609733196562	0.201440237606809	0.0895225232342165	4.62588116139716e-09	0.0777620299505614	0.110163447826344	0.3804643574052	0.0079440429286563	0.476137145211076	3.74474694349681e-08	1.34240952282997e-08	0.294234325448052	3.74194527976281e-08	2.44928699190408e-08	0.159923646087198	1.47499696044838e-07	0.509954690622972	0.0166556281282524	0.00129025739539547	2.18759985507449e-09	0.350905619523764	0.192315611863105	4.2332131292821e-09	0.137737703002313	0.362680170060383	1.31002349206392e-08	3.49454308501755e-08	0.0167306006546276	9.32996977444882e-08	1.13373028927441e-06	0.565388268818304	0.130250250286788	0.170411581488543	1.71433080658328e-09	4.51368732805827e-09	2.88745441013006e-08	0.0398736427516347	0.186296947023252	0.0290645967559186	0.0360614767177729	0.632009554132603	2.81454021455167e-09	2.07430226089605e-09	0.00819743494757119	7.02495105297758e-09	0.137962427615061	0.489154624218186	0.0797184408403208	1.5563434931968e-08	4.47099035336419e-09	8.38482852550395e-09	1.44478602148013e-09	0.258400492745746	0.487365017482347	1.92866192758033e-07	0.452548110467098	0.228255041309501	0.125671561602324	2.25570389846222e-08	3.98026045577126e-09	0.46962776257107	0.0418533228953629	0.0137183866328144	4.54707533005571e-08	2.24935966302792e-08
IBS	3.08279178107578e-09	5.62364798737396e-08	0.173339681500331	1.02122585469989e-08	1.14054369950439e-09	6.7971827158069e-08	0.111360951119912	0.0847947740651073	6.92256454919233e-09	1.14346170813324e-08	1.29484184876816e-08	1.22996868070312e-09	0.0258506153584559	9.64500143895605e-09	2.38995730203913e-08	7.70400382914287e-09	3.18388281922945e-09	0.145527558074336	7.58360714153675e-09	2.21121965290364e-09	1.46121719589957e-09	0.150544927073138	0.159392008913623	1.8337656280622e-09	2.11526819060602e-09	0.091788491722751	4.43607851146188e-10	0.0150496968120025	1.46453340708141e-08	6.94654363355615e-09	7.91884621085082e-09	0.0166366619619945	3.96158196080511e-09	3.42028462973362e-08	2.10742326686103e-09	3.68762165199652e-09	1.87763821690856e-08	2.70345769446419e-09	0.138897519677099	6.7679852309554e-09	2.21286981367735e-09	5.96390587205941e-09	2.3951920452755e-09	3.71299598634265e-10	3.58234861415215e-09	5.46905542001774e-09	2.57709633053179e-08	0.119045154338136	0.0805686533524405	6.78876520316286e-09	3.05147647863046e-09	5.44191853677274e-09	5.90382477216102e-10	1.97757853114051e-09	0.0574705183531647	4.02429187163668e-09	0.166337841080355	0.142580835638601	6.90673320304557e-09	2.86941678313626e-09	6.50935059533372e-09	0.154504187057079	5.80212136844072e-09	2.36454041888345e-09	7.23153090239244e-09	1.22255329559959e-09
TSI	1.91575747949545e-09	0.265538572325225	0.269404469288673	0.0543093225013015	0.121340972335316	0.13131814663772	0.329914124967314	0.379471993513491	5.0852084520526e-09	0.282560813736674	0.055806158863828	0.0929873612465	0.312203994461112	0.0639733650523481	1.48119532824953e-08	0.258923496308451	0.136275428515793	0.340839493092353	0.116548732493099	0.125479133714473	1.94089347313147e-09	0.383600017670489	0.30371026545922	2.55591530435328e-09	0.0611910664959026	0.402217816117227	0.123135366996379	2.88410802585998e-09	0.0714002728114272	3.61318288809394e-09	0.128883813451896	0.417459844937479	0.051956829276068	0.305130831382727	1.17401670854406e-09	0.086499619974132	1.76452732218471e-08	0.0573397159399562	0.336019838554387	3.14712680412529e-09	0.0528118981959151	0.367989790994785	3.81877863361135e-09	0.155492884565428	0.044985250872086	1.53413135399078e-09	0.0564420199436924	0.346381123641958	0.357426898580076	0.147113307209612	3.19093211017738e-09	3.92803930237563e-09	0.0180545282221516	0.294341772933119	0.381788486529496	0.138918840659847	0.381114026971304	0.374323399246333	0.0634012191534863	0.250460658935505	2.64467997044114e-09	0.365314007547241	0.130925455212226	3.3228214937562e-10	0.0724530794747694	0.0114253276847423
BEB	1.1174302090661e-09	2.33818138192085e-09	7.27433278819748e-10	0.241979314052837	0.0895719282145481	0.080248885050621	3.22623010875873e-09	1.95640944669611e-10	1.15474046499811e-08	5.02236519443512e-09	0.0742059946160425	0.0835672385712884	1.20853878138133e-09	0.122526797556311	7.11997459437707e-09	-1.41334956261584e-11	0.122343731947069	1.53894012143965e-10	0.152890587766917	0.13262139373266	1.9259823898429e-09	8.52238481907094e-11	1.16419700870389e-09	1.72610915830817e-09	0.0531073207215423	1.78075105784447e-10	0.133901200803375	1.15352379328087e-09	0.16050406671009	2.19862924559569e-09	0.170641339282485	6.23753447814109e-09	0.0708176912926921	9.58474916718708e-09	2.42591791965791e-09	0.120437095764648	3.98846515331663e-09	0.0529515077849888	7.57685850620322e-10	2.521555963899e-09	0.0765763801167432	6.41772694918947e-10	2.73023683034965e-09	0.131044127365658	0.128568885519114	8.86534630633365e-10	0.0884226228349513	4.27790936220856e-10	1.09374752220632e-09	0.152431466115619	7.36481600090769e-09	4.20653024709003e-09	0.101030814764845	1.11138712149936e-10	5.22167661196079e-09	0.131139399176067	1.43315002935251e-10	1.24578510919747e-09	0.141615968861446	-1.37542136245859e-10	1.81106143433447e-09	2.47287578425348e-10	0.160542039118863	3.77197389490872e-10	0.0830504764239955	0.167828136643881
GIH	3.21200202971231e-09	5.76501226997335e-09	0.00262606612966256	0.12349370717383	0.0889327484865873	0.14406418286682	0.0144814123690992	1.02529657213193e-09	9.62469223233427e-09	0.0155111400023545	0.126280430001667	0.181373817031329	4.33429843777723e-09	0.207634267471749	8.52427830764133e-09	4.19719289189233e-10	0.122618427849105	0.00367824992187314	0.201531117922526	0.189816499079197	1.76617951423232e-08	0.0213664820439964	5.13207843652835e-09	1.04977082095158e-09	0.202487844699235	2.84788077264893e-09	0.139477250740126	1.39150002929451e-09	0.114238324414232	2.00332850169286e-09	0.076128298216272	1.20463605198162e-08	0.135791294768489	3.36906889142145e-08	3.32272253386816e-09	0.166327814820479	4.15167163816906e-09	0.0705176003039764	0.0129328312195905	1.95724177141964e-09	0.131947950852976	2.52690863731882e-09	2.94650688335424e-09	0.131412437065987	0.168976938604417	8.41662878499258e-10	0.0807120715550066	0.0454190897852311	0.00127809022508112	3.6411265674305e-07	9.72613570448306e-09	5.7581823101709e-09	6.22846149691417e-09	3.2520968593548e-10	0.03009531038548	0.156954739853179	6.84855321299423e-10	0.0219670462869724	0.165013088409652	-3.52740496684833e-10	2.68636415696023e-09	0.0099781913646973	0.138683019483403	2.76254421109676e-10	0.0921532581449317	0.0195252213229846
ITU	2.30534970603041e-09	1.17566468087985e-09	8.77400299222385e-10	0.0984338378164541	0.233701666151161	0.127477708120357	4.00756259803536e-09	1.77628979260567e-10	2.30608880126804e-08	4.02024528446804e-09	0.115280958201259	0.206339773350359	1.113976573075e-09	0.0898436768505173	8.81462428476505e-09	-6.17517698732022e-12	0.169048318098166	1.61885821208826e-10	0.111062290536241	0.127658503100034	0.00260580579540977	1.01004314451411e-10	1.3162449279279e-09	4.28510178753907e-09	0.173815477848371	2.23650782518216e-10	0.164477972241048	1.3581017568211e-09	0.137918096483742	1.35019190879895e-09	0.184137502289123	2.46574939183828e-09	0.222952921712398	3.27142877318874e-08	4.02936883025815e-09	0.163731969751574	8.49652353204018e-09	0.212228284485459	5.82488609664188e-10	2.12431130316579e-09	0.165146865857446	4.76180241646142e-10	1.60102702453061e-08	0.133960582709684	0.21275258620348	2.27919435082617e-09	0.195674272029786	4.83635041200656e-10	1.46688981191034e-09	0.219406514260923	1.57086396819948e-08	4.90376171752031e-09	0.234979626805009	1.17520802637944e-10	4.13037027783492e-09	0.117209529617071	1.25174421829646e-10	6.86578536912008e-10	0.160679605444767	-2.29272656410047e-10	3.13830852617321e-09	2.46824224142002e-10	0.115646095794786	0.00835884493523348	0.225398501281158	0.164828539281098
PJL	0.0414101756785491	3.02567742763945e-09	9.08617579430475e-10	0.290875172760339	0.322561633447166	0.368315041718289	3.83981691245171e-09	3.48911687313953e-10	0.0425488551247975	6.61421513978616e-09	0.329314735999381	0.30443064230733	1.18349393977682e-09	0.382284991844731	0.0434677430527099	1.26901555903278e-10	0.361526332531682	1.62947095228543e-10	0.320807243256947	0.301327763410939	0.0255454167805481	1.44285580854508e-10	1.55697309848214e-09	0.0384329334100369	0.335645068102937	3.56034654974195e-10	0.366886371082755	0.0549413337900743	0.36071936159812	0.0686597396805752	0.29913216190575	5.68331742926479e-09	0.304964005223673	1.59198802068829e-08	0.0768983276903679	0.32510984250734	0.0587501231731557	0.387600902722049	6.1250361346136e-10	0.017852657970147	0.384740091739815	7.66976165731909e-10	1.13270273039941e-08	0.392479281478765	0.248959142067252	0.0595517962955094	0.407941757974996	1.46345486654868e-09	1.52568107747519e-09	0.387065766026405	0.0280908252675159	0.00160645341448658	0.453282856964579	1.20902719780033e-10	4.56035549412605e-09	0.358580383492395	1.90389657290224e-10	7.32160732262609e-10	0.316007703720252	-1.76346130786803e-10	0.0275382637541063	3.36393833788712e-10	0.328718594676958	0.0606330053823606	0.380397400715126	0.417118963945002
STU	1.8403543950483e-09	1.68341627878416e-09	7.40799846921374e-10	4.91161227805265e-08	1.28101335083117e-09	0.0373186188275676	3.48885593153778e-09	2.1329340504563e-10	0.0256839126008886	5.41506646053196e-09	0.114819306991919	4.98084938146711e-09	1.11224911447742e-09	2.93321265146584e-08	5.36137740373106e-09	-1.24192310636989e-11	9.6182070079393e-09	1.62601361474244e-10	1.97321052736757e-08	1.27896065352529e-08	2.78598542965634e-09	9.24348318933366e-11	1.1796222047104e-09	1.31729564229077e-09	5.25995510561082e-09	2.21458717785772e-10	5.69492345725908e-09	1.0783232536816e-09	9.61942949244949e-09	1.5311371395602e-09	2.42166542652196e-08	2.28125912423551e-09	4.93368973434216e-09	1.82769282366268e-08	1.9147483287277e-09	2.30606553581317e-09	4.82678075071419e-09	1.16150787244913e-09	7.49902725039477e-10	2.05734824422813e-09	3.82141731087028e-09	5.48023454447922e-10	2.26052822046038e-08	1.05401627324962e-08	4.86263548023312e-09	1.08118581548013e-09	0.032844382945423	9.2614803194435e-10	6.0002840473065e-09	1.89890099376731e-08	4.72991732097424e-09	2.99906209101945e-09	1.62960130925189e-09	1.19129660851015e-10	3.7975763340037e-09	4.82979043491526e-08	9.1298798056967e-11	6.11800090253045e-10	5.95077011830441e-07	-1.98694432877788e-10	2.40360258606842e-09	2.32250631295742e-10	8.18215981307901e-09	2.45955125197978e-10	1.46072656697844e-08	3.83013697957124e-09
